<application>
  <component name="FileTypeManager" version="18">
    <ignoreFiles list="*$py.class;*.pyc;*.pyo;*.rbc;*.yarb;*~;.DS_Store;.git;.hg;.mypy_cache;.pytest_cache;.ruff_cache;.svn;CVS;__pycache__;_svn;vssver.scc;vssver2.scc" />
    <extensionMap>
      <mapping ext="pyc" type="PLAIN_TEXT" />
      <mapping ext="tflite" type="PLAIN_TEXT" />
      <mapping pattern="insights" type="Python" />
      <removed_mapping ext="bat" approved="true" type="PLAIN_TEXT" />
      <removed_mapping ext="cmd" approved="true" type="PLAIN_TEXT" />
      <removed_mapping ext="dockerfile" approved="true" type="textmate" />
      <removed_mapping ext="log" approved="true" type="PLAIN_TEXT" />
      <removed_mapping ext="makefile" approved="true" type="textmate" />
      <removed_mapping ext="snakefile" approved="true" type="textmate" />
    </extensionMap>
  </component>
</application>