<keymap version="1" name="Default for Windows Proper Redo" parent="$default">
  <action id="$Redo">
    <keyboard-shortcut first-keystroke="shift ctrl z" />
    <keyboard-shortcut first-keystroke="shift alt back_space" />
    <keyboard-shortcut first-keystroke="ctrl y" />
  </action>
  <action id="CommentByLineComment">
    <keyboard-shortcut first-keystroke="ctrl slash" />
    <keyboard-shortcut first-keystroke="ctrl divide" />
    <keyboard-shortcut first-keystroke="ctrl number_sign" />
  </action>
  <action id="CompareTwoFiles">
    <keyboard-shortcut first-keystroke="ctrl p" />
  </action>
  <action id="ConsoleView.ClearAll">
    <keyboard-shortcut first-keystroke="ctrl l" />
  </action>
  <action id="Diff.ShowDiff" />
  <action id="EditorDeleteLine" />
  <action id="EditorDuplicate" />
  <action id="FileChooser.GotoDesktop" />
  <action id="FileChooser.TogglePathShowing" />
  <action id="FindNext">
    <keyboard-shortcut first-keystroke="f3" />
  </action>
  <action id="ParameterInfo">
    <keyboard-shortcut first-keystroke="ctrl d" />
  </action>
  <action id="Run">
    <keyboard-shortcut first-keystroke="f10" />
  </action>
  <action id="SendEOF" />
  <action id="Vcs.Log.FocusTextFilter" />
  <action id="openAssertEqualsDiff" />
</keymap>