<profile version="1.0">
  <option name="myName" value="Default" />
  <inspection_tool class="PyCompatibilityInspection" enabled="true" level="WARNING" enabled_by_default="true">
    <option name="ourVersions">
      <value>
        <list size="5">
          <item index="0" class="java.lang.String" itemvalue="3.6" />
          <item index="1" class="java.lang.String" itemvalue="3.7" />
          <item index="2" class="java.lang.String" itemvalue="3.8" />
          <item index="3" class="java.lang.String" itemvalue="3.9" />
          <item index="4" class="java.lang.String" itemvalue="3.10" />
        </list>
      </value>
    </option>
  </inspection_tool>
  <inspection_tool class="PyPep8Inspection" enabled="true" level="WEAK WARNING" enabled_by_default="true">
    <option name="ignoredErrors">
      <list>
        <option value="E265" />
        <option value="E221" />
        <option value="E251" />
        <option value="E303" />
        <option value="E271" />
        <option value="E501" />
        <option value="E302" />
        <option value="E402" />
        <option value="E128" />
        <option value="E125" />
        <option value="E305" />
        <option value="E702" />
        <option value="E124" />
        <option value="E701" />
        <option value="W292" />
        <option value="E127" />
        <option value="E203" />
        <option value="W605" />
      </list>
    </option>
  </inspection_tool>
  <inspection_tool class="PyPep8NamingInspection" enabled="true" level="WEAK WARNING" enabled_by_default="true">
    <option name="ignoredErrors">
      <list>
        <option value="N812" />
        <option value="N802" />
      </list>
    </option>
  </inspection_tool>
  <inspection_tool class="PyShadowingBuiltinsInspection" enabled="true" level="WEAK WARNING" enabled_by_default="true">
    <option name="ignoredNames">
      <list>
        <option value="input" />
        <option value="type" />
      </list>
    </option>
  </inspection_tool>
  <inspection_tool class="PyUnresolvedReferencesInspection" enabled="true" level="WARNING" enabled_by_default="true">
    <option name="ignoredIdentifiers">
      <list>
        <option value="matplotlib.cm.Reds" />
        <option value="matplotlib.cm.Blues" />
        <option value="matplotlib.cm.Greens" />
        <option value="win32.win32event" />
        <option value="octopus_impl.navigation_book.unittest.test_navbook.Unittest.*" />
      </list>
    </option>
  </inspection_tool>
</profile>